"公表日","10歳未満","10代","20代","30代","40代","50代","60代","70代","80代","90歳以上","調査中等"
"2020-02-23","0","0","0","0","0","0","0","1","0","0","0"
"2020-02-24","0","0","0","1","0","0","1","0","0","0","0"
"2020-02-25","0","0","0","0","0","0","0","0","0","0","0"
"2020-02-26","0","0","1","0","0","0","0","0","0","0","0"
"2020-02-27","0","0","0","0","0","0","0","0","0","0","0"
"2020-02-28","0","0","0","0","0","0","0","0","0","0","0"
"2020-02-29","0","0","0","0","0","0","0","0","0","0","0"
"2020-03-01","0","0","0","0","0","0","0","0","0","0","0"
"2020-03-02","0","0","0","0","0","0","0","0","0","0","0"
"2020-03-03","0","0","0","0","1","0","0","0","0","0","0"
"2020-03-04","0","0","0","0","0","0","0","0","0","0","0"
"2020-03-05","0","0","0","0","0","0","2","0","0","0","0"
"2020-03-06","0","0","0","0","0","0","0","0","0","0","0"
"2020-03-07","0","0","0","0","0","0","0","0","0","0","0"
"2020-03-08","0","0","0","0","0","0","0","0","0","0","0"
"2020-03-09","0","0","0","0","0","0","0","1","0","0","0"
"2020-03-10","0","0","0","0","0","0","0","0","0","0","0"
"2020-03-11","0","0","0","0","0","0","0","0","0","0","0"
"2020-03-12","0","0","0","0","0","0","1","0","0","0","0"
"2020-03-13","0","0","0","0","0","0","0","0","0","0","0"
"2020-03-14","0","0","0","0","0","0","0","0","0","0","0"
"2020-03-15","0","0","0","0","0","0","0","0","0","0","0"
"2020-03-16","0","0","0","0","0","0","0","0","0","0","0"
"2020-03-17","0","0","0","0","0","0","0","0","0","0","0"
"2020-03-18","0","0","0","0","0","0","0","0","0","0","0"
"2020-03-19","0","0","0","0","0","1","0","0","0","0","0"
"2020-03-20","0","0","0","0","0","0","0","0","0","0","0"
"2020-03-21","0","0","0","0","0","0","0","0","0","0","0"
"2020-03-22","0","0","0","0","0","0","0","0","0","0","0"
"2020-03-23","0","0","0","0","0","0","0","0","0","0","0"
"2020-03-24","0","0","0","0","0","0","0","0","0","0","0"
"2020-03-25","0","0","0","0","0","0","0","0","0","0","0"
"2020-03-26","0","0","0","0","0","0","0","0","0","0","0"
"2020-03-27","0","0","0","0","0","0","0","0","0","0","0"
"2020-03-28","0","0","0","0","0","0","0","1","0","0","0"
"2020-03-29","0","0","0","0","0","0","0","0","0","0","0"
"2020-03-30","0","0","0","0","0","0","0","0","0","0","0"
"2020-03-31","0","0","0","0","0","0","0","0","0","0","0"
"2020-04-01","0","0","0","0","0","0","0","0","0","0","0"
"2020-04-02","0","0","0","0","0","0","0","0","0","0","0"
"2020-04-03","0","0","0","0","0","0","0","0","0","0","0"
"2020-04-04","0","0","0","0","0","0","0","0","0","0","0"
"2020-04-05","0","0","0","0","0","0","0","0","0","0","0"
"2020-04-06","0","0","0","0","0","0","0","0","0","0","0"
"2020-04-07","0","0","0","0","0","0","0","0","0","0","0"
"2020-04-08","0","0","1","0","0","0","0","0","0","0","0"
"2020-04-09","0","0","0","0","0","0","0","0","0","0","0"
"2020-04-10","0","0","0","0","0","0","0","0","0","0","0"
"2020-04-11","0","0","0","0","0","0","0","0","0","0","0"
"2020-04-12","0","0","0","0","0","0","0","0","0","0","0"
"2020-04-13","0","0","0","0","0","0","0","0","0","0","0"
"2020-04-14","0","0","1","0","0","0","0","0","0","0","0"
"2020-04-15","0","0","1","0","1","0","0","0","0","0","0"
"2020-04-16","0","0","0","0","0","0","0","0","0","0","0"
"2020-04-17","0","0","0","0","0","0","0","0","0","0","0"
"2020-04-18","0","0","0","0","0","1","0","0","0","0","0"
"2020-04-19","0","0","0","0","0","0","0","0","0","0","0"
"2020-04-20","0","0","0","0","0","0","0","0","0","0","0"
"2020-04-21","0","0","0","0","0","0","0","0","0","0","0"
"2020-04-22","0","0","0","0","0","0","0","0","0","0","0"
"2020-04-23","0","0","0","0","0","0","0","0","0","0","0"
"2020-04-24","0","0","0","0","0","0","0","0","0","0","0"
"2020-04-25","0","0","0","0","0","0","0","0","0","0","0"
"2020-04-26","0","0","0","0","0","0","0","0","0","0","0"
"2020-04-27","0","0","0","0","0","0","0","0","0","0","0"
"2020-04-28","0","0","0","0","0","0","0","0","0","0","0"
"2020-04-29","0","0","0","0","0","0","0","0","0","0","0"
"2020-04-30","0","0","0","0","0","0","0","0","0","0","0"
"2020-05-01","0","0","0","0","0","0","0","0","0","0","0"
"2020-05-02","0","0","0","0","0","0","0","0","0","0","0"
"2020-05-03","0","0","0","0","0","0","0","0","0","0","0"
"2020-05-04","0","0","0","0","0","0","0","0","0","0","0"
"2020-05-05","0","0","0","0","0","0","0","0","0","0","0"
"2020-05-06","0","0","0","0","0","0","0","0","0","0","0"
"2020-05-07","0","0","0","0","0","0","0","0","0","0","0"
"2020-05-08","0","0","0","0","0","0","0","0","0","0","0"
"2020-05-09","0","0","0","0","0","0","0","0","0","0","0"
"2020-05-10","0","0","0","0","0","0","0","0","0","0","0"
"2020-05-11","0","0","0","0","0","0","0","0","0","0","0"
"2020-05-12","0","0","0","0","0","0","0","0","0","0","0"
"2020-05-13","0","0","0","0","0","0","0","0","0","0","0"
"2020-05-14","0","0","0","0","0","0","0","0","0","0","0"
"2020-05-15","0","0","0","0","0","0","0","0","0","0","0"
"2020-05-16","0","0","0","0","0","0","0","0","0","0","0"
"2020-05-17","0","0","0","0","0","0","0","0","0","0","0"
"2020-05-18","0","0","0","0","0","0","0","0","0","0","0"
"2020-05-19","0","0","0","0","0","0","0","0","0","0","0"
"2020-05-20","0","0","0","0","0","0","0","0","0","0","0"
"2020-05-21","0","0","0","0","0","0","0","0","0","0","0"
"2020-05-22","0","0","0","0","0","0","0","0","0","0","0"
"2020-05-23","0","0","0","0","0","0","0","0","0","0","0"
"2020-05-24","0","0","0","0","0","0","0","0","0","0","0"
"2020-05-25","0","0","0","0","0","0","0","0","0","0","0"
"2020-05-26","0","0","0","0","0","0","0","0","0","0","0"
"2020-05-27","0","0","0","0","0","0","0","0","0","0","0"
"2020-05-28","0","0","0","0","0","0","0","0","0","0","0"
"2020-05-29","0","0","0","0","0","0","0","0","0","0","0"
"2020-05-30","0","0","0","0","0","0","0","0","0","0","0"
"2020-05-31","0","0","0","0","0","0","0","0","0","0","0"
"2020-06-01","0","0","0","0","0","0","0","0","0","0","0"
"2020-06-02","0","0","0","0","0","0","0","0","0","0","0"
"2020-06-03","0","0","0","0","0","0","0","0","0","0","0"
"2020-06-04","0","0","0","0","0","0","0","0","0","0","0"
"2020-06-05","0","0","0","0","0","0","0","0","0","0","0"
"2020-06-06","0","0","0","0","0","0","0","0","0","0","0"
"2020-06-07","0","0","0","0","0","0","0","0","0","0","0"
"2020-06-08","0","0","0","0","0","0","0","0","0","0","0"
"2020-06-09","0","0","0","0","0","0","0","0","0","0","0"
"2020-06-10","0","0","0","0","0","0","0","0","0","0","0"
"2020-06-11","0","0","0","0","0","0","0","0","0","0","0"
"2020-06-12","0","0","0","0","0","0","0","0","0","0","0"
"2020-06-13","0","0","0","0","0","0","0","0","0","0","0"
"2020-06-14","0","0","0","0","0","0","0","0","0","0","0"
"2020-06-15","0","0","0","0","0","0","0","0","0","0","0"
"2020-06-16","0","0","0","0","0","0","0","0","0","0","0"
"2020-06-17","0","0","0","0","0","0","0","0","0","0","0"
"2020-06-18","0","0","0","0","0","0","0","0","0","0","0"
"2020-06-19","0","0","0","0","0","0","0","0","0","0","0"
"2020-06-20","0","0","0","0","0","0","0","0","0","0","0"
"2020-06-21","0","0","0","0","0","0","0","0","0","0","0"
"2020-06-22","0","0","0","0","0","0","0","0","0","0","0"
"2020-06-23","0","0","0","0","0","0","0","0","0","0","0"
"2020-06-24","0","0","0","0","0","0","0","0","0","0","0"
"2020-06-25","0","0","0","0","0","0","0","0","0","0","0"
"2020-06-26","0","0","0","0","0","0","0","0","0","0","0"
"2020-06-27","0","0","0","0","0","0","0","0","0","0","0"
"2020-06-28","0","0","0","0","0","0","0","0","0","0","0"
"2020-06-29","0","0","0","0","0","0","0","0","0","0","0"
"2020-06-30","0","0","0","0","0","0","0","0","0","0","0"
"2020-07-01","0","0","0","0","0","0","0","0","0","0","0"
"2020-07-02","0","0","0","0","0","0","0","0","0","0","0"
"2020-07-03","0","0","0","0","0","0","0","0","0","0","0"
"2020-07-04","0","0","0","0","0","0","0","0","0","0","0"
"2020-07-05","0","0","0","0","0","0","0","0","0","0","0"
"2020-07-06","0","0","0","0","0","0","0","0","0","0","0"
"2020-07-07","0","0","0","0","0","0","0","0","0","0","0"
"2020-07-08","0","0","0","0","0","0","0","0","0","0","0"
"2020-07-09","0","0","0","0","0","0","0","0","0","0","0"
"2020-07-10","0","0","0","0","0","0","0","0","0","0","0"
"2020-07-11","0","0","0","0","0","0","0","0","0","0","0"
"2020-07-12","0","0","0","0","0","0","0","0","0","0","0"
"2020-07-13","0","0","0","0","0","0","0","0","0","0","0"
"2020-07-14","0","0","0","0","0","0","0","0","0","0","0"
"2020-07-15","0","0","0","0","0","0","0","0","0","0","0"
"2020-07-16","0","0","0","0","0","0","0","0","0","0","0"
"2020-07-17","0","0","0","0","0","0","0","0","0","0","0"
"2020-07-18","0","0","0","0","0","0","0","0","0","0","0"
"2020-07-19","0","0","0","0","0","0","0","0","0","0","0"
"2020-07-20","0","0","0","0","0","0","0","0","0","0","0"
"2020-07-21","0","0","1","0","0","0","0","0","0","0","0"
"2020-07-22","0","0","0","0","0","0","0","0","0","0","0"
"2020-07-23","0","0","0","0","0","0","0","0","0","0","0"
"2020-07-24","0","0","0","0","0","0","0","0","0","0","0"
"2020-07-25","0","0","0","0","0","0","0","0","0","0","0"
"2020-07-26","0","0","0","0","0","0","0","0","0","0","0"
"2020-07-27","0","0","0","0","0","0","0","0","0","0","0"
"2020-07-28","0","0","0","0","0","0","0","0","0","0","0"
"2020-07-29","0","0","0","0","0","0","0","0","0","0","0"
"2020-07-30","0","0","0","0","0","1","0","0","0","0","0"
"2020-07-31","0","0","0","0","0","0","0","0","0","0","0"
"2020-08-01","0","0","0","0","0","0","0","0","0","0","0"
"2020-08-02","0","0","0","0","0","0","0","0","0","0","0"
"2020-08-03","0","0","0","0","0","0","0","0","0","0","0"
"2020-08-04","0","0","0","0","0","0","0","0","0","0","0"
"2020-08-05","0","0","0","0","0","0","0","0","0","0","0"
"2020-08-06","0","0","0","0","0","0","0","0","0","0","0"
"2020-08-07","0","0","0","0","1","1","1","0","0","0","0"
"2020-08-08","0","0","0","0","0","0","1","0","0","0","0"
"2020-08-09","0","0","0","0","0","0","0","0","0","0","0"
"2020-08-10","0","0","0","0","0","0","0","0","0","0","0"
"2020-08-11","0","0","0","0","0","0","0","0","0","0","0"
"2020-08-12","0","0","0","0","0","0","0","0","0","0","0"
"2020-08-13","0","0","0","0","0","0","0","0","0","0","0"
"2020-08-14","0","0","0","0","0","0","0","0","0","0","0"
"2020-08-15","0","0","0","0","0","0","0","0","0","0","0"
"2020-08-16","0","0","0","0","0","0","0","0","0","0","0"
"2020-08-17","0","0","0","0","0","0","0","0","0","0","0"
"2020-08-18","0","0","0","0","0","0","0","0","0","0","0"
"2020-08-19","0","0","0","0","0","0","0","0","0","0","0"
"2020-08-20","0","0","0","0","0","0","0","0","0","0","0"
"2020-08-21","0","0","0","0","0","0","0","0","0","0","0"
"2020-08-22","0","0","0","1","0","0","0","0","0","0","0"
"2020-08-23","0","0","0","0","0","0","0","0","0","0","0"
"2020-08-24","0","0","0","0","0","0","0","0","0","0","0"
"2020-08-25","0","0","0","0","0","1","0","0","0","0","0"
"2020-08-26","0","0","0","0","0","0","0","0","0","0","0"
"2020-08-27","0","0","0","0","0","0","0","0","0","0","0"
"2020-08-28","0","0","0","1","0","0","1","0","0","0","0"
"2020-08-29","0","0","0","0","0","0","0","0","0","0","0"
"2020-08-30","0","0","0","0","0","0","0","0","0","0","0"
"2020-08-31","0","0","0","0","0","0","0","0","0","0","0"
"2020-09-01","0","0","1","0","0","0","0","0","0","0","0"
"2020-09-02","0","0","0","0","0","0","0","0","0","0","0"
"2020-09-03","0","0","0","0","0","0","0","0","0","0","0"
"2020-09-04","0","0","0","0","0","0","0","0","0","0","0"
"2020-09-05","0","0","0","0","0","0","0","0","0","0","0"
"2020-09-06","0","0","0","0","0","0","0","0","0","0","0"
"2020-09-07","0","0","0","0","0","0","0","0","0","0","0"
"2020-09-08","0","0","0","0","0","0","0","0","0","0","0"
"2020-09-09","0","0","0","0","0","0","0","0","0","0","0"
"2020-09-10","0","1","0","0","0","0","0","0","0","0","0"
"2020-09-11","0","0","0","1","0","0","1","0","0","0","0"
"2020-09-12","0","0","0","0","0","0","0","0","0","0","0"
"2020-09-13","0","0","0","0","0","0","0","0","0","0","0"
"2020-09-14","0","0","0","0","0","0","0","0","0","0","0"
"2020-09-15","0","0","0","0","0","0","0","0","0","0","0"
"2020-09-16","0","0","0","0","0","0","0","0","0","0","0"
"2020-09-17","0","0","0","0","0","0","0","0","0","0","0"
"2020-09-18","0","0","0","0","0","0","0","0","0","0","0"
"2020-09-19","0","0","0","0","0","0","0","0","0","0","0"
"2020-09-20","0","0","0","0","0","0","0","0","0","0","0"
"2020-09-21","0","0","0","0","0","0","0","0","0","0","0"
"2020-09-22","0","0","0","0","0","0","0","0","0","0","0"
"2020-09-23","0","0","0","0","0","0","0","0","0","0","0"
"2020-09-24","0","0","0","0","0","0","0","0","0","0","0"
"2020-09-25","0","0","0","0","0","0","0","0","0","0","0"
"2020-09-26","0","0","0","0","0","0","0","0","0","0","0"
"2020-09-27","0","0","0","0","0","0","0","0","0","0","0"
"2020-09-28","0","0","0","0","0","0","0","0","0","0","0"
"2020-09-29","0","0","0","0","0","0","0","0","0","0","0"
"2020-09-30","0","0","0","0","0","0","0","0","0","0","0"
"2020-10-01","0","0","0","0","0","0","0","0","0","0","0"
"2020-10-02","0","0","0","0","0","0","0","0","0","0","0"
"2020-10-03","0","0","0","0","0","0","0","0","0","0","0"
"2020-10-04","0","0","0","0","0","0","0","0","0","0","0"
"2020-10-05","0","0","0","0","0","0","0","0","0","0","0"
"2020-10-06","0","0","1","0","0","0","0","0","0","0","0"
"2020-10-07","0","0","1","0","0","0","0","0","0","0","0"
"2020-10-08","0","2","1","0","1","0","0","0","0","0","0"
"2020-10-09","0","0","0","0","0","0","0","1","0","0","0"
"2020-10-10","0","0","0","0","0","0","0","0","0","0","0"
"2020-10-11","0","0","0","0","0","0","0","0","0","0","0"
"2020-10-12","0","0","0","0","0","0","0","0","0","0","0"
"2020-10-13","0","1","1","0","0","0","0","1","0","0","0"
"2020-10-14","0","0","0","0","0","1","0","0","0","0","0"
"2020-10-15","0","0","0","0","0","0","0","0","0","0","0"
"2020-10-16","0","0","0","0","0","0","0","0","0","0","0"
"2020-10-17","0","0","0","0","0","0","0","0","0","0","0"
"2020-10-18","0","0","0","0","0","0","0","0","0","0","0"
"2020-10-19","0","0","0","0","0","0","0","0","0","0","0"
"2020-10-20","0","0","0","0","0","0","0","0","0","0","0"
"2020-10-21","0","0","0","0","0","0","0","0","0","0","0"
"2020-10-22","0","0","0","0","0","0","0","0","0","0","0"
"2020-10-23","0","1","0","0","0","0","0","0","0","0","0"
"2020-10-24","0","0","0","0","0","0","0","0","0","0","0"
"2020-10-25","0","0","0","0","0","0","0","0","0","0","0"
"2020-10-26","0","0","0","0","0","0","1","0","0","0","0"
"2020-10-27","0","0","0","0","1","0","0","0","1","0","0"
"2020-10-28","0","0","0","0","0","0","0","0","0","0","0"
"2020-10-29","0","0","1","0","0","0","0","0","0","0","0"
"2020-10-30","0","0","0","0","0","1","1","0","0","0","0"
"2020-10-31","0","0","0","0","0","0","0","0","0","0","0"
"2020-11-01","0","0","0","0","0","0","0","0","0","0","0"
"2020-11-02","0","0","0","1","0","0","0","0","0","0","0"
"2020-11-03","0","1","2","1","1","0","0","0","0","0","0"
"2020-11-04","0","1","1","0","0","0","0","0","0","0","0"
"2020-11-05","0","1","0","0","0","2","0","0","0","0","0"
"2020-11-06","1","2","0","1","0","0","0","0","0","0","2"
"2020-11-07","0","0","0","1","0","1","1","1","3","2","0"
"2020-11-08","0","0","0","0","0","0","1","2","6","7","0"
"2020-11-09","0","0","1","0","0","0","0","0","0","0","0"
"2020-11-10","0","0","0","0","0","2","1","0","2","0","0"
"2020-11-11","0","0","2","0","0","0","1","1","1","1","0"
"2020-11-12","0","0","0","2","1","3","0","1","0","2","0"
"2020-11-13","0","0","1","1","0","0","0","0","1","1","2"
"2020-11-14","0","0","0","0","0","1","2","0","0","0","1"
"2020-11-15","1","0","0","1","1","2","1","1","3","1","0"
"2020-11-16","0","0","0","1","0","0","0","2","1","1","1"
"2020-11-17","0","0","1","0","0","1","2","0","0","0","0"
"2020-11-18","0","0","0","0","1","2","0","0","1","0","1"
"2020-11-19","0","0","3","1","1","3","1","0","0","0","0"
"2020-11-20","0","0","1","1","6","4","2","2","2","0","3"
"2020-11-21","0","1","1","1","1","2","4","2","1","0","0"
"2020-11-22","0","0","1","8","5","3","1","1","2","0","19"
"2020-11-23","0","1","1","2","2","6","1","0","3","0","5"
"2020-11-24","0","0","1","0","1","0","0","0","0","0","11"
"2020-11-25","0","1","1","4","0","1","3","1","5","2","26"
"2020-11-26","0","1","1","2","3","5","5","9","5","2","0"
"2020-11-27","0","1","2","2","1","2","5","3","7","3","5"
"2020-11-28","1","0","3","3","3","2","5","9","6","2","0"
"2020-11-29","0","0","1","1","4","5","3","3","7","2","0"
"2020-11-30","0","1","0","0","1","1","3","3","8","2","0"
"2020-12-01","0","0","3","2","6","6","4","1","6","2","7"
"2020-12-02","0","0","2","1","3","1","3","4","5","2","23"
"2020-12-03","0","1","5","0","2","0","1","6","4","2","1"
"2020-12-04","0","0","6","1","1","2","2","5","7","2","3"
"2020-12-05","0","2","4","3","4","2","0","2","5","1","4"
"2020-12-06","0","0","2","0","1","4","3","2","1","0","2"
"2020-12-07","0","0","1","1","0","0","0","0","1","2","3"
"2020-12-08","0","2","4","1","7","9","2","5","5","1","14"
"2020-12-09","0","1","3","5","3","7","2","3","1","1","0"
"2020-12-10","0","0","2","1","2","7","1","4","2","2","2"
"2020-12-11","0","1","1","1","2","2","1","0","2","1","0"
"2020-12-12","0","0","4","8","10","10","2","5","4","0","4"
"2020-12-13","0","1","2","3","1","2","0","2","1","2","1"
"2020-12-14","0","0","1","1","3","6","0","0","1","0","0"
"2020-12-15","0","0","2","3","0","2","0","0","0","0","0"
"2020-12-16","0","0","0","0","2","1","1","1","2","0","0"
"2020-12-17","0","0","0","2","1","0","1","1","0","0","0"
"2020-12-18","0","0","2","2","2","2","1","3","0","1","2"
"2020-12-19","0","0","0","2","1","0","2","0","0","0","5"
"2020-12-20","0","0","0","0","2","1","0","1","0","0","0"
"2020-12-21","0","0","0","1","1","2","0","0","0","0","0"
"2020-12-22","0","0","1","4","5","3","2","0","1","0","0"
"2020-12-23","0","0","1","2","2","2","0","0","1","0","2"
"2020-12-24","0","1","0","1","1","2","1","0","1","0","3"
"2020-12-25","0","0","0","0","0","0","1","0","0","0","1"
"2020-12-26","0","0","0","3","3","1","1","1","1","0","10"
"2020-12-27","0","0","0","0","1","0","0","0","0","0","0"
"2020-12-28","0","0","0","0","0","0","0","0","0","0","0"
"2020-12-29","0","0","0","0","0","0","0","0","1","0","2"
"2020-12-30","0","0","0","0","0","2","0","0","0","0","0"
"2020-12-31","0","0","0","0","1","0","0","0","0","0","0"
"2021-01-01","0","0","0","0","0","0","0","0","0","0","0"
"2021-01-02","0","0","0","1","0","0","0","0","0","0","0"
"2021-01-03","0","0","0","1","0","0","0","1","1","1","0"
"2021-01-04","0","0","0","0","0","0","0","1","0","0","0"
"2021-01-05","0","0","0","0","0","0","0","0","0","0","0"
"2021-01-06","0","0","0","1","0","0","0","0","0","0","0"
"2021-01-07","0","0","0","0","0","0","1","0","0","0","0"
"2021-01-08","0","0","1","0","0","0","0","2","0","0","0"
"2021-01-09","0","0","0","0","0","0","0","3","0","0","4"
"2021-01-10","0","0","2","0","0","0","0","0","0","0","2"
"2021-01-11","0","0","0","0","0","0","0","0","0","0","0"
"2021-01-12","0","0","0","2","0","0","0","0","0","0","0"
"2021-01-13","0","0","0","0","0","0","0","0","0","0","0"
"2021-01-14","0","0","1","0","0","0","0","0","0","0","0"
"2021-01-15","0","0","0","0","0","0","0","0","0","0","0"
"2021-01-16","0","1","0","0","0","0","0","0","0","0","1"
"2021-01-17","0","0","0","0","0","0","0","0","0","0","1"
"2021-01-18","0","0","0","0","0","0","0","1","0","0","0"
"2021-01-19","0","0","0","0","0","0","1","0","0","0","0"
"2021-01-20","0","0","1","3","0","0","0","0","0","0","2"
"2021-01-21","0","0","2","0","0","1","0","0","0","0","2"
"2021-01-22","0","0","0","0","3","0","0","2","5","0","2"
"2021-01-23","0","0","0","0","1","0","0","2","6","0","0"
"2021-01-24","0","0","0","1","0","0","0","0","0","0","0"
"2021-01-25","0","0","0","0","1","0","0","0","0","0","0"
"2021-01-26","0","0","0","0","0","2","2","0","1","1","1"
"2021-01-27","0","0","0","0","1","1","2","1","0","0","3"
"2021-01-28","0","0","0","0","0","0","0","0","0","0","2"
"2021-01-29","0","0","0","1","1","0","1","1","1","0","1"
"2021-01-30","0","0","0","0","1","0","1","1","0","0","2"
"2021-01-31","0","0","0","0","0","0","0","0","0","0","0"
"2021-02-01","0","0","0","0","0","0","0","0","0","1","0"
"2021-02-02","0","0","0","1","0","0","0","1","0","0","0"
"2021-02-03","0","0","0","1","0","0","0","0","0","0","0"
"2021-02-04","0","0","0","0","0","0","0","1","0","0","0"
"2021-02-05","0","0","1","0","0","0","0","0","0","0","0"
"2021-02-06","0","1","0","0","0","0","0","0","0","0","0"
"2021-02-07","0","0","1","1","1","0","1","1","0","0","0"
"2021-02-08","0","0","0","0","0","0","0","0","0","0","0"
"2021-02-09","0","0","0","0","1","0","0","0","0","0","0"
"2021-02-10","0","0","0","0","0","0","0","0","1","0","1"
"2021-02-11","0","0","0","0","0","0","0","0","1","0","0"
"2021-02-12","0","0","0","1","0","0","0","0","0","0","0"
"2021-02-13","0","1","0","0","0","0","1","0","0","0","0"
"2021-02-14","0","1","0","0","0","0","0","0","0","0","2"
"2021-02-15","0","0","0","0","0","0","0","0","0","0","0"
"2021-02-16","0","6","0","0","1","0","0","0","0","0","1"
"2021-02-17","0","2","1","0","1","0","0","0","0","0","2"
"2021-02-18","1","1","0","1","0","0","0","0","0","0","1"
"2021-02-19","0","2","0","0","1","0","0","0","0","0","1"
"2021-02-20","0","2","2","0","0","1","0","0","1","0","1"
"2021-02-21","0","0","0","0","1","0","1","1","6","0","5"
"2021-02-22","0","0","0","1","0","0","0","0","0","0","1"
"2021-02-23","2","3","1","0","2","0","0","1","1","0","5"
"2021-02-24","0","0","0","0","0","0","0","0","0","0","0"
"2021-02-25","0","0","0","1","2","0","0","0","0","0","2"
"2021-02-26","0","0","0","0","0","0","0","0","0","0","1"
"2021-02-27","0","0","0","0","0","1","0","0","0","0","0"
"2021-02-28","0","0","0","1","0","0","0","0","0","0","0"
"2021-03-01","0","0","0","0","0","0","0","0","0","0","0"
"2021-03-02","0","0","0","0","0","0","0","0","0","0","0"
"2021-03-03","0","0","0","1","0","0","0","0","0","0","0"
"2021-03-04","0","0","0","0","0","0","0","0","0","0","0"
"2021-03-05","0","0","0","0","0","0","0","0","0","0","1"
"2021-03-06","0","0","0","0","0","0","0","0","0","0","0"
"2021-03-07","0","0","0","0","0","0","0","0","0","0","0"
"2021-03-08","0","0","0","0","0","0","0","0","0","0","1"
"2021-03-09","0","0","1","0","0","0","0","0","0","0","1"
"2021-03-10","0","0","0","0","0","0","0","0","0","0","3"
"2021-03-11","0","0","0","0","0","0","0","0","0","0","0"
"2021-03-12","0","0","0","0","0","0","0","0","0","0","0"
"2021-03-13","0","0","1","0","0","0","0","0","0","0","0"
"2021-03-14","0","0","1","0","0","0","0","0","0","0","0"
"2021-03-15","0","0","0","0","0","0","0","0","0","0","0"
"2021-03-16","0","0","0","0","0","0","0","0","0","0","0"
"2021-03-17","0","0","0","0","0","0","0","0","0","0","0"
"2021-03-18","0","0","0","0","0","0","0","0","0","0","0"
"2021-03-19","0","0","0","0","0","0","0","0","0","0","0"
"2021-03-20","0","0","0","0","0","0","0","0","0","0","0"
"2021-03-21","0","0","0","0","0","0","0","0","0","0","0"
"2021-03-22","0","1","0","0","0","0","0","0","0","0","0"
"2021-03-23","0","0","0","0","0","0","0","0","0","0","1"
"2021-03-24","0","0","1","0","0","0","0","0","0","0","1"
"2021-03-25","0","0","0","0","0","0","0","0","0","0","2"
"2021-03-26","0","0","0","0","0","0","0","0","0","0","1"
"2021-03-27","0","0","0","0","0","0","0","0","0","0","0"
"2021-03-28","0","0","0","0","0","0","0","0","0","0","0"
"2021-03-29","0","0","0","0","0","0","0","0","0","0","1"
"2021-03-30","0","1","0","0","0","0","0","0","0","0","1"
"2021-03-31","0","0","0","0","0","0","0","0","0","0","1"
"2021-04-01","0","0","1","0","0","0","0","1","0","0","3"
"2021-04-02","0","0","0","0","0","0","0","1","2","0","2"
"2021-04-03","0","0","0","2","0","0","0","1","1","0","2"
"2021-04-04","0","0","0","0","0","0","0","2","4","0","2"
"2021-04-05","0","0","0","0","0","1","2","7","0","0","1"
"2021-04-06","0","0","0","1","0","1","0","5","2","0","4"
"2021-04-07","0","0","0","1","0","1","1","1","2","0","1"
"2021-04-08","0","0","0","0","0","0","0","2","1","0","6"
"2021-04-09","0","0","0","0","3","1","0","2","3","0","4"
"2021-04-10","0","0","0","0","0","0","0","1","0","0","6"
"2021-04-11","0","0","1","0","1","2","1","1","0","0","2"
"2021-04-12","0","0","0","0","0","0","0","0","0","0","0"
"2021-04-13","0","0","0","1","0","1","0","3","1","0","5"
"2021-04-14","0","0","0","0","0","0","3","1","1","0","0"
"2021-04-15","0","0","1","0","2","0","1","2","2","0","3"
"2021-04-16","0","0","0","0","0","1","1","3","2","3","0"
"2021-04-17","0","0","0","0","3","3","1","2","1","0","2"
"2021-04-18","0","0","0","2","0","1","0","1","0","0","5"
"2021-04-19","0","0","0","0","0","0","0","0","0","0","0"
"2021-04-20","0","0","1","4","2","0","2","0","1","2","5"
"2021-04-21","0","0","0","0","0","1","1","0","0","0","2"
"2021-04-22","0","0","1","2","1","0","0","1","0","0","5"
"2021-04-23","0","0","2","0","2","1","0","0","0","0","3"
"2021-04-24","1","2","0","1","0","1","0","0","0","0","3"
"2021-04-25","0","0","0","1","0","1","0","0","0","0","0"
"2021-04-26","0","1","2","0","0","0","0","0","0","0","2"
"2021-04-27","0","3","1","1","1","2","1","0","0","0","6"
"2021-04-28","0","1","0","1","1","0","1","0","0","0","3"
"2021-04-29","0","10","0","1","5","0","0","0","1","0","12"
"2021-04-30","0","0","0","1","3","0","0","1","0","0","3"
"2021-05-01","1","0","2","0","1","1","2","1","0","0","11"
"2021-05-02","0","0","1","0","2","2","2","0","3","0","9"
"2021-05-03","0","0","0","0","1","1","0","0","0","1","0"
"2021-05-04","0","2","1","0","2","0","0","1","1","0","6"
"2021-05-05","0","0","0","1","0","0","0","0","1","0","2"
"2021-05-06","0","0","2","2","2","2","0","0","0","0","5"
"2021-05-07","0","0","1","0","3","0","2","0","1","0","6"
"2021-05-08","0","0","2","0","4","2","1","1","0","0","5"
"2021-05-09","0","0","2","1","2","0","1","0","0","1","11"
"2021-05-10","0","0","0","0","0","0","0","0","0","0","1"
"2021-05-11","0","2","1","3","0","0","1","1","0","1","6"
"2021-05-12","0","1","3","2","1","0","1","1","1","1","7"
"2021-05-13","0","1","0","2","3","2","2","2","0","0","8"
"2021-05-14","4","0","3","0","0","1","0","0","0","0","15"
"2021-05-15","0","1","2","2","3","0","2","0","0","0","13"
"2021-05-16","0","1","2","3","3","0","0","1","0","0","3"
"2021-05-17","0","2","0","2","0","0","1","0","1","0","3"
"2021-05-18","0","0","1","1","1","2","2","1","0","1","12"
"2021-05-19","0","0","1","6","3","3","3","0","0","0","17"
"2021-05-20","3","1","2","3","2","2","2","3","0","0","13"
"2021-05-21","0","0","3","1","2","3","2","3","0","0","11"
"2021-05-22","2","0","1","1","1","2","1","1","0","0","20"
"2021-05-23","7","0","0","1","2","1","1","1","0","0","10"
"2021-05-24","0","0","0","0","1","0","1","0","0","1","0"
"2021-05-25","19","0","2","1","2","1","0","0","1","0","12"
"2021-05-26","0","0","2","0","1","0","2","1","0","0","17"
"2021-05-27","1","0","1","1","1","3","0","0","3","0","12"
"2021-05-28","0","0","3","1","2","0","0","0","0","0","5"
"2021-05-29","0","0","0","3","1","1","2","0","0","0","9"
"2021-05-30","3","0","1","1","1","2","1","0","0","0","5"
"2021-05-31","0","1","0","1","1","0","0","1","0","0","0"
"2021-06-01","1","1","0","0","1","2","0","0","3","0","6"
"2021-06-02","0","1","0","0","1","1","0","1","0","0","5"
"2021-06-03","0","1","1","1","1","1","2","0","0","0","7"
"2021-06-04","0","0","1","3","2","0","1","1","1","0","4"
"2021-06-05","2","0","0","0","1","1","2","0","1","1","4"
"2021-06-06","0","0","1","1","0","0","0","1","0","0","4"
"2021-06-07","0","0","0","0","0","1","1","0","0","1","0"
"2021-06-08","0","1","0","0","0","1","1","0","0","2","3"
"2021-06-09","0","0","1","0","0","0","1","1","0","0","0"
"2021-06-10","0","0","0","1","0","0","1","0","0","0","1"
"2021-06-11","0","2","1","0","0","1","1","0","0","0","9"
"2021-06-12","0","0","0","0","0","0","0","0","0","0","2"
"2021-06-13","0","1","0","0","0","1","0","0","0","0","0"
"2021-06-14","0","0","0","0","0","0","0","0","0","0","0"
"2021-06-15","0","0","0","0","0","0","1","0","1","0","0"
"2021-06-16","0","0","0","0","0","0","1","0","0","0","0"
"2021-06-17","0","0","0","0","0","0","0","0","0","0","0"
"2021-06-18","0","0","0","0","0","0","0","0","0","0","0"
"2021-06-19","0","0","0","0","0","0","0","0","0","0","0"
"2021-06-20","0","0","0","0","0","0","0","0","0","0","0"
"2021-06-21","0","0","0","0","0","0","0","0","0","0","0"
"2021-06-22","0","0","0","0","0","0","0","0","0","0","0"
"2021-06-23","0","0","0","0","0","0","0","0","0","0","0"
"2021-06-24","0","0","0","0","0","0","0","0","0","0","0"
"2021-06-25","0","0","0","0","0","0","0","0","0","0","0"
"2021-06-26","0","0","0","0","0","0","0","0","0","0","0"
"2021-06-27","0","0","0","0","0","0","0","0","0","0","0"
"2021-06-28","0","0","0","0","0","0","0","0","0","0","0"
"2021-06-29","0","0","0","0","0","0","0","0","0","0","0"
"2021-06-30","0","0","0","0","0","0","0","0","0","0","0"
"2021-07-01","0","0","0","0","0","1","0","0","0","0","0"
"2021-07-02","0","0","0","0","0","0","0","0","0","0","0"
"2021-07-03","0","0","0","0","0","0","0","0","0","0","0"
"2021-07-04","0","0","0","0","0","0","0","0","0","0","0"
"2021-07-05","0","0","0","0","0","0","0","0","0","0","0"
"2021-07-06","0","0","0","0","1","1","0","0","1","0","1"
"2021-07-07","0","0","0","2","1","1","0","1","0","0","0"
"2021-07-08","0","0","0","0","1","1","1","1","0","0","0"
"2021-07-09","0","0","0","0","0","1","0","0","0","0","1"
"2021-07-10","0","0","0","0","0","0","0","0","0","0","0"
"2021-07-11","0","0","0","0","0","2","0","0","0","0","1"
"2021-07-12","0","0","0","0","0","0","0","0","0","0","0"
"2021-07-13","0","0","0","0","0","0","0","0","0","0","1"
"2021-07-14","0","0","0","1","0","1","0","0","0","0","0"
"2021-07-15","0","0","1","0","0","0","0","0","0","0","0"
"2021-07-16","0","0","0","1","0","0","0","0","0","0","1"
"2021-07-17","0","0","0","1","0","0","0","0","0","0","1"
"2021-07-18","0","0","0","0","0","0","0","0","0","0","0"
"2021-07-19","0","0","0","0","0","0","0","0","0","0","0"
"2021-07-20","0","0","0","0","1","0","1","0","0","0","2"
"2021-07-21","0","0","1","0","0","0","0","0","0","0","2"
"2021-07-22","0","0","1","0","0","0","0","0","0","0","0"
"2021-07-23","0","0","0","0","0","0","0","0","0","0","1"
"2021-07-24","0","0","0","0","0","1","0","0","0","0","3"
"2021-07-25","0","0","0","2","2","1","0","0","1","0","3"
"2021-07-26","0","0","1","0","0","0","0","0","0","0","0"
"2021-07-27","0","0","2","1","2","2","0","0","0","0","0"
"2021-07-28","0","1","0","0","3","0","0","0","0","0","2"
"2021-07-29","0","0","1","0","4","1","1","0","0","0","1"
"2021-07-30","0","0","0","1","1","1","0","0","0","0","1"
"2021-07-31","0","0","0","1","4","0","2","1","0","0","2"
"2021-08-01","0","0","0","2","1","0","0","0","0","0","2"
"2021-08-02","0","0","0","0","0","0","0","1","0","0","1"
"2021-08-03","0","1","1","0","1","3","0","0","0","0","4"
"2021-08-04","0","1","4","1","0","0","0","0","0","0","2"
"2021-08-05","0","0","2","1","0","0","2","0","0","0","0"
"2021-08-06","0","0","1","1","1","1","1","0","0","0","4"
"2021-08-07","0","1","4","1","2","1","0","0","0","0","2"
"2021-08-08","0","0","0","1","0","0","0","0","0","0","1"
"2021-08-09","0","1","0","0","0","0","0","0","0","0","0"
"2021-08-10","0","1","1","2","3","1","0","0","0","0","3"
"2021-08-11","0","4","1","3","0","0","1","0","0","0","4"
"2021-08-12","0","3","5","2","4","1","0","0","0","0","9"
"2021-08-13","0","6","11","3","2","2","0","0","0","0","17"
"2021-08-14","0","5","8","1","0","1","1","0","0","0","8"
"2021-08-15","0","3","8","2","3","2","0","0","0","0","8"
"2021-08-16","1","6","6","2","3","0","0","0","0","0","2"
"2021-08-17","1","7","13","1","6","3","0","0","0","0","22"
"2021-08-18","1","5","18","1","8","2","0","1","2","1","17"
"2021-08-19","0","4","14","9","5","0","1","0","0","0","27"
"2021-08-20","0","3","10","2","5","2","1","1","0","0","28"
"2021-08-21","0","11","5","9","12","4","1","0","0","0","23"
"2021-08-22","0","2","11","3","11","4","1","0","1","0","10"
"2021-08-23","2","7","10","5","9","8","0","0","0","0","17"
"2021-08-24","3","11","8","8","6","6","1","0","0","0","17"
"2021-08-25","3","4","10","8","6","3","0","1","0","0","48"
"2021-08-26","0","6","8","6","1","1","1","1","0","0","35"
"2021-08-27","4","4","6","4","4","4","1","0","1","0","17"
"2021-08-28","1","5","11","3","4","3","2","1","0","0","28"
"2021-08-29","4","3","3","2","8","4","2","2","1","0","8"
"2021-08-30","5","2","8","1","1","6","0","0","0","0","24"
"2021-08-31","0","3","3","3","2","0","2","0","1","0","6"
"2021-09-01","2","5","6","4","6","2","1","1","0","0","22"
"2021-09-02","0","2","0","1","1","2","4","1","0","0","6"
"2021-09-03","1","4","2","6","3","2","1","0","1","0","3"
"2021-09-04","0","1","2","1","6","4","0","0","0","0","9"
"2021-09-05","0","2","1","0","2","0","0","0","0","0","2"
"2021-09-06","3","3","1","0","1","0","1","0","0","0","2"
"2021-09-07","0","3","2","0","1","0","2","0","0","0","10"
"2021-09-08","1","0","2","3","2","0","1","0","0","0","3"
"2021-09-09","0","2","0","1","0","2","1","1","0","0","5"
"2021-09-10","2","1","0","0","2","2","0","0","0","0","4"
"2021-09-11","0","0","1","1","2","2","0","0","0","0","6"
"2021-09-12","1","4","0","1","2","0","0","0","1","0","3"
"2021-09-13","1","1","1","0","2","0","0","0","0","0","0"
"2021-09-14","0","1","0","2","0","0","0","0","0","0","5"
"2021-09-15","0","1","1","0","0","1","0","1","0","0","4"
"2021-09-16","0","2","0","2","1","1","0","0","0","0","3"
"2021-09-17","0","1","1","1","1","0","0","0","0","0","3"
"2021-09-18","0","0","2","0","0","0","0","0","0","0","4"
"2021-09-19","0","1","0","2","0","0","0","1","0","0","1"
"2021-09-20","1","0","0","0","2","0","0","0","0","0","0"
"2021-09-21","0","0","0","0","0","0","0","0","0","0","0"
"2021-09-22","0","0","1","1","0","2","0","0","0","0","2"
"2021-09-23","0","1","0","1","2","2","1","0","0","0","1"
"2021-09-24","0","1","2","1","0","0","0","0","0","0","4"
"2021-09-25","0","0","1","0","2","1","1","1","0","0","2"
"2021-09-26","0","1","1","1","0","1","0","0","0","0","2"
"2021-09-27","0","0","0","1","0","0","0","0","0","0","2"
"2021-09-28","0","0","0","0","0","0","0","0","0","0","1"
"2021-09-29","0","0","1","0","0","1","1","2","0","0","5"
"2021-09-30","0","0","0","0","0","0","0","0","0","0","2"
"2021-10-01","0","1","0","1","0","1","0","1","0","0","0"
"2021-10-02","0","0","0","0","0","1","0","0","0","0","2"
"2021-10-03","0","0","0","0","0","1","1","0","0","0","1"
"2021-10-04","0","0","0","0","0","0","0","0","0","0","1"
"2021-10-05","0","0","0","0","0","0","0","1","0","0","6"
"2021-10-06","0","0","1","0","0","0","1","0","0","0","0"
"2021-10-07","0","0","0","0","0","1","0","1","0","0","0"
"2021-10-08","0","0","0","0","1","3","0","1","0","0","2"
"2021-10-09","0","0","0","0","1","0","0","0","0","0","3"
"2021-10-10","0","0","0","0","1","1","0","0","0","0","1"
"2021-10-11","0","0","0","0","0","0","0","0","0","0","1"
"2021-10-12","0","0","0","0","1","0","0","0","0","0","3"
"2021-10-13","0","0","0","0","0","0","0","0","0","0","5"
"2021-10-14","0","0","0","0","1","0","0","0","0","0","9"
"2021-10-15","0","0","1","2","1","0","0","0","0","0","7"
"2021-10-16","0","0","0","0","0","0","0","1","0","0","6"
"2021-10-17","0","0","0","0","1","0","0","0","0","0","2"
"2021-10-18","0","0","0","0","0","0","0","0","0","0","0"
"2021-10-19","0","0","1","0","0","0","0","0","0","0","3"
"2021-10-20","0","0","0","0","0","1","0","0","0","0","0"
"2021-10-21","0","0","0","0","0","0","0","0","0","0","0"
"2021-10-22","0","0","0","0","0","1","0","1","0","0","0"
"2021-10-23","0","0","0","0","1","0","0","0","0","0","0"
"2021-10-24","0","0","0","0","0","0","0","0","0","0","1"
"2021-10-25","0","0","0","0","0","0","0","0","0","0","0"
"2021-10-26","0","0","0","2","2","1","0","0","0","0","2"
"2021-10-27","0","0","2","0","1","0","0","0","0","0","1"
"2021-10-28","0","0","0","1","2","1","0","0","0","0","0"
"2021-10-29","0","0","3","0","0","0","0","0","0","0","4"
"2021-10-30","0","0","2","0","2","0","0","0","0","0","1"
"2021-10-31","0","0","0","2","3","0","0","0","0","0","3"
"2021-11-01","0","0","0","0","0","0","0","0","0","0","0"
"2021-11-02","1","1","2","1","1","0","0","0","0","0","5"
"2021-11-03","0","1","2","0","0","0","0","0","0","0","5"
"2021-11-04","0","0","0","0","1","0","0","0","0","0","0"
"2021-11-05","0","0","1","2","3","1","0","0","0","0","5"
"2021-11-06","0","0","1","2","1","1","0","0","0","0","1"
"2021-11-07","1","0","0","0","0","0","0","0","0","0","3"
"2021-11-08","0","0","0","0","2","0","0","0","0","0","0"
"2021-11-09","0","1","2","0","3","1","0","0","0","0","3"
"2021-11-10","1","0","0","0","0","0","0","0","0","0","5"
"2021-11-11","0","1","0","0","1","1","0","0","0","0","1"
"2021-11-12","0","0","3","0","5","0","1","1","0","0","5"
"2021-11-13","0","0","2","1","2","2","0","0","0","0","7"
"2021-11-14","1","0","1","0","1","1","1","0","0","0","0"
"2021-11-15","0","0","0","0","0","0","0","0","0","1","0"
"2021-11-16","0","0","0","1","1","0","1","0","0","0","3"
"2021-11-17","1","1","0","1","3","1","1","0","0","0","8"
"2021-11-18","0","5","0","0","0","0","1","1","0","0","1"
"2021-11-19","0","0","0","2","1","0","0","0","0","1","2"
"2021-11-20","0","0","0","2","1","0","0","1","0","0","3"
"2021-11-21","0","1","0","1","3","0","0","0","0","0","4"
"2021-11-22","0","1","0","0","0","0","0","0","0","0","0"
"2021-11-23","0","1","1","0","0","2","1","1","0","0","2"
"2021-11-24","0","0","0","0","0","0","0","0","0","0","1"
"2021-11-25","0","0","0","1","0","0","0","0","0","1","2"
"2021-11-26","0","0","1","0","0","0","0","0","0","0","1"
"2021-11-27","0","1","0","1","1","0","0","2","0","0","2"
"2021-11-28","0","0","0","1","1","1","0","0","0","0","1"
"2021-11-29","0","0","0","1","0","0","0","0","0","0","0"
"2021-11-30","0","0","0","0","0","0","1","0","0","0","1"
"2021-12-01","0","0","0","0","0","0","0","0","0","0","0"
"2021-12-02","0","0","0","0","0","0","0","0","0","0","1"
"2021-12-03","0","0","0","1","0","0","0","0","0","0","1"
"2021-12-04","0","0","0","0","0","0","0","0","0","0","0"
"2021-12-05","0","0","0","0","0","0","0","0","0","0","0"
"2021-12-06","0","0","0","0","0","0","0","0","0","0","0"
"2021-12-07","0","0","0","0","1","0","0","0","0","0","0"
"2021-12-08","0","0","0","0","0","0","0","0","0","0","0"
"2021-12-09","0","0","0","0","1","0","0","0","0","0","0"
"2021-12-10","0","0","0","0","0","0","0","1","0","0","0"
"2021-12-11","0","0","0","0","0","0","0","0","0","0","0"
"2021-12-12","0","0","0","0","0","0","0","0","0","0","1"
"2021-12-13","0","0","0","0","0","0","0","0","0","0","0"
"2021-12-14","0","0","0","0","0","0","0","0","0","0","0"
"2021-12-15","0","0","0","0","0","0","0","0","0","0","0"
"2021-12-16","0","0","0","0","0","0","0","0","0","0","0"
"2021-12-17","0","0","0","0","0","0","0","0","0","0","0"
"2021-12-18","0","0","1","0","0","0","0","0","0","0","1"
"2021-12-19","0","0","0","0","0","0","0","0","0","0","3"
"2021-12-20","1","0","0","1","0","0","1","0","0","0","2"
"2021-12-21","0","2","0","1","0","0","0","0","0","0","1"
"2021-12-22","0","0","0","2","0","0","0","0","0","0","1"
"2021-12-23","1","0","0","1","0","0","0","0","0","0","0"
"2021-12-24","0","0","0","1","0","0","0","0","0","0","0"
"2021-12-25","0","0","0","0","2","0","0","0","0","0","3"
"2021-12-26","0","0","0","0","2","0","0","0","0","0","2"
"2021-12-27","0","0","0","0","0","0","0","0","0","0","0"
"2021-12-28","0","0","0","0","1","0","1","0","0","0","1"
"2021-12-29","0","3","0","2","2","0","0","0","0","0","0"
"2021-12-30","0","2","0","0","0","0","1","0","0","0","4"
"2021-12-31","0","0","0","0","0","0","0","0","0","0","1"
"2022-01-01","0","0","0","0","0","0","0","0","0","0","2"
"2022-01-02","0","0","0","0","0","0","0","0","0","0","0"
"2022-01-03","0","0","0","0","0","0","0","0","0","0","0"
"2022-01-04","0","0","0","1","0","0","0","0","0","0","0"
"2022-01-05","0","0","0","0","0","0","0","0","0","0","0"
"2022-01-06","0","0","0","0","0","0","0","1","1","0","1"
"2022-01-07","0","1","0","2","0","0","0","0","0","0","1"
"2022-01-08","0","0","2","0","0","0","0","0","0","0","1"
"2022-01-09","0","0","1","1","0","0","0","0","0","0","2"
"2022-01-10","0","0","1","0","0","0","0","0","0","0","3"
"2022-01-11","0","0","1","1","0","0","0","0","0","0","3"
"2022-01-12","1","0","1","0","0","1","0","1","0","0","5"
"2022-01-13","0","1","0","1","0","1","0","1","0","0","11"
"2022-01-14","0","2","8","0","0","0","0","0","0","0","9"
"2022-01-15","0","0","6","1","2","0","1","1","1","0","7"
"2022-01-16","0","4","5","1","1","1","1","0","0","0","19"
"2022-01-17","0","0","0","0","0","1","0","0","0","0","0"
"2022-01-18","0","1","2","1","2","3","2","0","0","0","9"
"2022-01-19","1","9","7","2","4","0","0","0","1","0","16"
"2022-01-20","1","2","14","9","3","2","0","3","1","1","15"
"2022-01-21","1","6","8","5","4","2","1","1","0","0","17"
"2022-01-22","1","0","8","6","5","3","1","3","0","0","11"
"2022-01-23","2","7","5","5","5","2","0","0","0","0","8"
"2022-01-24","4","0","6","4","5","3","0","0","0","0","10"
"2022-01-25","6","2","7","9","2","4","2","4","0","0","18"
"2022-01-26","10","7","8","14","9","7","2","2","0","0","33"
"2022-01-27","0","7","16","6","8","7","4","0","1","0","37"
"2022-01-28","12","19","12","14","13","15","3","2","2","0","5"
"2022-01-29","18","19","14","14","16","8","5","2","1","0","5"
"2022-01-30","15","35","10","14","12","9","2","3","2","0","7"
"2022-01-31","12","12","11","9","9","9","8","0","4","2","26"
"2022-02-01","24","29","20","7","15","7","4","6","3","0","3"
"2022-02-02","31","43","14","32","23","14","5","9","0","0","7"
"2022-02-03","23","24","13","27","27","10","5","4","2","0","2"
"2022-02-04","24","32","9","15","21","8","3","3","0","1","6"
"2022-02-05","36","24","10","23","42","18","16","2","1","1","5"
"2022-02-06","36","24","4","19","33","6","10","6","0","0","1"
"2022-02-07","25","31","7","13","12","9","4","5","4","0","7"
"2022-02-08","41","35","10","21","29","11","4","6","1","0","6"
"2022-02-09","35","25","19","38","27","18","15","6","5","4","1"
"2022-02-10","28","25","20","28","25","16","12","4","0","1","1"
"2022-02-11","25","31","7","21","17","7","7","9","4","2","6"
"2022-02-12","30","18","8","22","23","4","10","2","6","1","10"
"2022-02-13","25","25","17","16","22","7","8","5","8","2","7"
"2022-02-14","13","14","7","12","16","13","6","3","6","2","0"
"2022-02-15","24","20","11","14","21","17","10","14","2","1","7"
"2022-02-16","19","15","13","15","21","11","11","8","4","2","2"
"2022-02-17","9","9","9","11","9","6","6","0","7","3","0"
"2022-02-18","12","15","10","15","20","8","11","16","8","4","3"
"2022-02-19","16","12","10","11","6","11","7","9","5","5","4"
"2022-02-20","24","13","12","10","8","7","7","8","3","5","0"
"2022-02-21","14","12","16","9","14","6","5","8","0","1","2"
"2022-02-22","25","16","13","4","26","13","5","9","10","4","1"
"2022-02-23","31","12","13","10","11","11","14","3","5","2","0"
"2022-02-24","8","7","3","12","7","8","2","4","2","1","1"
"2022-02-25","16","11","5","10","15","5","4","2","3","1","0"
"2022-02-26","29","19","19","16","14","3","4","7","8","2","0"
"2022-02-27","29","19","7","22","18","8","6","5","8","10","0"
"2022-02-28","13","14","4","12","15","1","0","0","1","0","0"
"2022-03-01","35","23","7","22","11","6","8","6","4","2","2"
"2022-03-02","29","18","15","14","19","8","7","6","4","5","0"
"2022-03-03","23","14","8","16","14","3","2","5","14","5","1"
"2022-03-04","24","28","8","21","25","11","9","8","4","8","0"
"2022-03-05","13","25","12","18","9","12","4","0","4","0","1"
"2022-03-06","13","14","9","15","8","4","7","5","0","1","0"
"2022-03-07","17","10","9","12","12","8","3","4","6","2","0"
"2022-03-08","32","32","22","10","20","10","2","11","7","4","0"
"2022-03-09","19","39","12","18","16","12","1","2","6","2","0"
"2022-03-10","16","38","14","19","25","5","4","3","2","0","0"
"2022-03-11","28","27","15","14","14","10","3","2","2","2","1"
"2022-03-12","26","32","8","19","21","8","3","2","1","4","0"
"2022-03-13","13","24","15","14","15","4","0","2","1","2","0"
"2022-03-14","17","13","17","15","7","4","2","0","0","0","0"
"2022-03-15","41","21","8","23","17","8","5","4","4","0","0"
"2022-03-16","24","22","16","23","19","8","8","3","5","4","0"
"2022-03-17","27","19","10","18","22","7","4","2","0","0","0"
"2022-03-18","15","18","7","19","10","8","4","1","1","0","0"
"2022-03-19","20","11","7","16","9","7","7","2","2","0","0"
"2022-03-20","13","12","9","12","21","4","1","1","1","0","0"
"2022-03-21","9","12","8","15","18","3","1","0","0","1","0"
"2022-03-22","12","3","5","5","3","4","2","0","2","0","0"
"2022-03-23","24","14","20","17","14","8","2","1","1","0","0"
"2022-03-24","21","18","14","13","23","8","3","7","1","0","0"
"2022-03-25","18","11","29","18","20","10","2","2","4","0","0"
"2022-03-26","27","9","8","14","18","12","3","2","2","0","0"
"2022-03-27","13","7","6","7","4","7","2","1","0","0","0"
"2022-03-28","12","11","10","8","15","6","4","1","1","0","0"
"2022-03-29","39","25","18","26","22","11","2","3","5","0","0"
"2022-03-30","27","16","11","13","12","3","2","3","1","0","0"
"2022-03-31","23","19","14","28","14","5","5","1","2","0","0"
"2022-04-01","28","20","17","24","35","9","6","4","1","1","0"
"2022-04-02","19","15","18","14","13","3","4","0","5","0","0"
"2022-04-03","4","19","14","11","17","5","1","2","3","2","0"
"2022-04-04","11","6","10","10","16","9","3","1","1","0","0"
"2022-04-05","22","17","17","17","22","17","4","4","6","4","0"
"2022-04-06","26","23","19","18","26","12","10","5","2","2","0"
"2022-04-07","13","22","21","26","25","23","6","1","4","3","2"
"2022-04-08","23","24","15","22","21","13","6","6","2","2","0"
"2022-04-09","20","29","17","11","18","5","5","4","3","1","0"
"2022-04-10","17","21","16","18","18","12","6","5","1","0","0"
"2022-04-11","15","12","11","19","17","8","8","2","0","0","0"
"2022-04-12","37","25","24","22","24","10","8","2","3","0","0"
"2022-04-13","20","35","19","19","32","15","12","4","3","0","2"
"2022-04-14","16","31","19","18","25","9","10","4","1","1","0"
"2022-04-15","22","34","15","25","32","13","6","4","0","0","0"
"2022-04-16","34","35","8","26","19","9","9","2","0","1","0"
"2022-04-17","37","29","15","18","18","12","6","5","0","0","0"
"2022-04-18","21","31","10","13","21","9","10","2","1","0","0"
"2022-04-19","68","68","17","31","35","19","7","3","0","0","8"
"2022-04-20","67","80","25","26","45","22","11","11","1","3","2"
"2022-04-21","56","45","18","41","30","11","8","8","1","1","2"
"2022-04-22","62","61","23","39","52","11","13","4","3","2","0"
"2022-04-23","63","49","22","44","42","18","13","7","2","2","0"
"2022-04-24","54","62","20","36","35","18","1","4","0","1","0"
"2022-04-25","27","19","13","20","27","4","4","4","0","1","4"
"2022-04-26","112","62","21","63","47","22","8","3","2","0","2"
"2022-04-27","94","62","19","47","56","21","9","4","2","3","2"
"2022-04-28","76","47","31","77","45","22","11","5","1","3","0"
"2022-04-29","43","37","23","41","47","29","9","6","5","2","1"
"2022-04-30","37","19","13","32","25","10","6","2","5","0","5"
"2022-05-01","34","31","16","38","42","18","9","2","2","1","2"
"2022-05-02","32","21","16","37","26","8","11","4","3","0","2"
"2022-05-03","52","28","38","46","46","19","18","12","2","3","1"
"2022-05-04","20","22","20","32","25","14","4","4","4","2","0"
"2022-05-05","14","13","8","20","17","11","6","5","1","0","0"
"2022-05-06","13","8","18","19","14","21","9","3","3","1","1"
"2022-05-07","35","39","64","33","25","26","13","6","4","2","0"
"2022-05-08","28","34","44","31","32","18","7","4","1","4","6"
"2022-05-09","23","12","23","14","15","4","8","4","0","0","4"
"2022-05-10","26","58","65","32","39","16","8","4","3","0","0"
"2022-05-11","39","45","75","26","30","30","10","11","4","0","2"
"2022-05-12","33","29","40","28","30","22","18","3","0","1","2"
"2022-05-13","33","33","46","44","50","26","11","4","5","0","0"
"2022-05-14","33","37","40","27","31","23","12","5","6","1","0"
"2022-05-15","34","20","28","27","39","9","4","5","4","0","1"
"2022-05-16","17","13","4","24","20","6","2","1","3","0","5"
"2022-05-17","52","39","30","39","35","23","9","8","3","2","10"
"2022-05-18","46","53","33","24","46","20","9","6","5","2","3"
"2022-05-19","23","37","41","50","35","16","7","8","3","1","2"
"2022-05-20","30","40","26","19","26","18","9","2","2","1","0"
"2022-05-21","33","20","22","25","19","8","4","11","0","0","0"
"2022-05-22","34","22","14","22","23","9","7","8","3","1","2"
"2022-05-23","27","11","7","19","19","4","4","0","0","1","0"
"2022-05-24","36","38","14","31","29","15","11","8","2","1","0"
"2022-05-25","36","35","24","23","32","11","5","5","6","4","1"
"2022-05-26","10","23","22","22","25","15","7","12","4","1","0"
"2022-05-27","16","19","8","13","17","10","9","2","5","2","0"
"2022-05-28","16","25","10","27","22","4","4","9","3","1","0"
"2022-05-29","14","16","10","14","19","9","1","2","6","0","0"
"2022-05-30","14","5","5","5","12","5","1","1","1","2","0"
"2022-05-31","23","32","15","11","21","11","6","12","2","1","0"
"2022-06-01","15","17","3","9","8","3","3","5","2","0","0"
"2022-06-02","8","4","12","14","10","5","2","2","0","0","0"
"2022-06-03","17","24","4","7","10","6","1","4","0","0","0"
"2022-06-04","11","14","6","11","4","5","0","0","1","0","0"
"2022-06-05","11","18","1","6","8","2","4","3","0","1","0"
"2022-06-06","10","3","4","8","3","1","0","3","3","0","0"
"2022-06-07","23","13","9","7","15","4","2","0","21","6","0"
"2022-06-08","23","18","11","13","23","8","0","2","3","1","0"
"2022-06-09","22","10","9","15","13","7","6","5","4","1","0"
"2022-06-10","19","10","6","16","11","2","5","8","6","2","0"
"2022-06-11","23","11","6","8","13","3","5","4","2","1","0"
"2022-06-12","18","11","3","16","9","8","2","0","1","0","0"
"2022-06-13","11","5","2","8","3","3","0","0","0","0","0"
"2022-06-14","28","9","9","13","20","6","3","1","4","1","0"
"2022-06-15","27","9","7","14","8","4","3","2","5","0","0"
"2022-06-16","17","9","7","16","4","5","4","1","3","0","0"
"2022-06-17","7","2","4","5","12","4","4","4","2","1","0"
"2022-06-18","17","5","2","8","8","3","2","4","2","1","0"
"2022-06-19","15","13","1","10","8","5","3","0","0","0","0"
"2022-06-20","12","5","0","7","3","2","0","4","1","0","0"
"2022-06-21","17","10","1","7","13","1","2","3","1","0","0"
"2022-06-22","17","2","1","8","11","2","3","1","1","1","0"
"2022-06-23","12","3","4","12","11","4","3","1","0","1","0"
"2022-06-24","10","4","7","11","21","3","2","0","0","0","0"
"2022-06-25","14","4","2","10","5","5","1","4","0","0","0"
"2022-06-26","9","6","6","5","12","4","0","0","1","0","0"
"2022-06-27","7","2","2","10","1","3","0","0","3","0","0"
"2022-06-28","23","8","6","8","4","1","3","3","0","0","0"
"2022-06-29","20","5","8","11","5","7","2","0","0","0","0"
"2022-06-30","8","4","2","9","8","3","4","0","0","0","0"
"2022-07-01","12","1","1","8","7","4","2","3","0","0","0"
"2022-07-02","12","4","3","3","8","1","3","0","1","0","0"
"2022-07-03","9","2","3","9","8","1","1","2","0","1","0"
"2022-07-04","5","2","0","0","1","0","0","0","0","0","0"
"2022-07-05","18","7","5","11","10","4","7","1","3","0","0"
"2022-07-06","4","12","7","6","2","2","1","4","0","0","0"
"2022-07-07","13","8","11","14","6","2","3","1","0","0","0"
"2022-07-08","9","4","5","13","4","1","0","0","1","0","0"
"2022-07-09","2","10","12","6","4","8","5","2","2","0","0"
"2022-07-10","6","7","5","2","5","3","1","1","0","0","0"
"2022-07-11","1","2","1","1","2","0","0","1","0","0","0"
"2022-07-12","16","15","9","11","11","3","1","5","3","0","0"
"2022-07-13","7","15","11","14","4","3","0","5","0","0","0"
"2022-07-14","9","16","12","14","8","6","6","0","1","0","0"
"2022-07-15","9","6","11","14","11","7","3","2","0","0","0"
"2022-07-16","7","7","11","8","6","3","6","2","0","0","0"
"2022-07-17","10","7","9","5","6","6","6","4","0","0","0"
"2022-07-18","4","4","2","2","5","2","1","2","1","0","0"
"2022-07-19","10","8","0","7","7","7","5","1","0","0","0"
"2022-07-20","19","29","48","31","22","18","13","6","3","1","0"
"2022-07-21","14","22","49","31","32","24","8","3","2","0","4"
"2022-07-22","23","32","45","29","30","27","19","4","3","0","0"
"2022-07-23","25","30","47","36","25","23","13","11","2","0","0"
"2022-07-24","22","20","37","29","18","26","20","6","2","0","1"
"2022-07-25","11","13","16","12","12","15","5","6","0","0","0"
"2022-07-26","61","53","44","46","52","39","27","15","9","3","0"
"2022-07-27","45","33","57","51","40","44","17","12","12","2","1"
"2022-07-28","39","54","60","56","47","27","23","11","15","1","2"
"2022-07-29","50","51","57","52","51","31","19","15","12","5","0"
"2022-07-30","47","35","40","66","68","19","26","22","11","4","0"
"2022-07-31","32","37","49","33","31","32","16","10","5","2","2"
"2022-08-01","25","31","18","18","26","7","15","11","10","3","0"
"2022-08-02","73","45","57","63","71","51","28","20","10","4","0"
"2022-08-03","52","47","58","57","66","34","29","21","13","2","1"
"2022-08-04","43","45","54","49","66","46","21","16","10","4","1"
"2022-08-05","58","47","52","52","56","37","26","13","12","2","0"
"2022-08-06","64","42","40","59","74","51","30","28","23","6","1"
"2022-08-07","62","37","35","54","57","30","28","13","8","6","0"
"2022-08-08","31","19","11","39","27","14","13","14","5","0","0"
"2022-08-09","90","59","72","96","81","52","41","38","11","10","5"
"2022-08-10","66","52","95","86","86","44","35","20","17","10","2"
"2022-08-11","56","63","79","62","56","50","26","28","12","3","0"
"2022-08-12","30","18","29","33","24","13","11","4","1","1","1"
"2022-08-13","63","67","80","68","65","45","41","24","13","8","0"
"2022-08-14","44","45","47","47","50","27","19","17","3","0","1"
"2022-08-15","30","27","29","42","40","28","17","7","3","2","1"
"2022-08-16","46","47","48","56","55","43","31","18","13","8","2"
"2022-08-17","81","76","92","99","101","63","53","41","17","5","0"
"2022-08-18","78","70","84","88","104","67","59","32","17","9","1"
"2022-08-19","62","68","73","70","64","60","28","26","9","3","0"
"2022-08-20","58","59","59","70","79","49","36","34","21","6","1"
"2022-08-21","36","43","48","55","36","42","23","18","8","6","5"
"2022-08-22","20","7","25","21","20","14","14","8","5","1","0"
"2022-08-23","98","71","69","106","94","64","54","47","18","8","1"
"2022-08-24","68","50","61","55","74","57","53","36","26","7","0"
"2022-08-25","38","45","32","64","46","40","45","38","19","6","1"
"2022-08-26","49","38","43","53","62","34","37","33","18","7","1"
"2022-08-27","50","45","35","54","49","33","38","17","18","4","0"
"2022-08-28","44","28","20","41","28","24","24","30","12","2","0"
"2022-08-29","21","7","11","9","15","12","7","7","8","3","0"
"2022-08-30","74","57","49","63","76","55","44","33","21","8","0"
"2022-08-31","63","46","45","63","61","45","36","20","19","10","0"
"2022-09-01","34","32","28","57","50","33","28","31","20","9","0"
"2022-09-02","51","49","42","58","58","50","29","26","14","11","0"
"2022-09-03","37","61","33","45","73","41","44","35","26","8","2"
"2022-09-04","69","59","18","42","45","37","30","16","18","8","0"
"2022-09-05","25","21","19","24","27","17","22","20","7","10","0"
"2022-09-06","101","73","46","103","103","68","36","38","29","17","0"
"2022-09-07","77","65","48","78","93","55","33","27","9","7","2"
"2022-09-08","51","55","43","61","58","45","39","36","21","5","0"
"2022-09-09","41","40","29","55","52","53","35","28","22","14","1"
"2022-09-10","43","45","30","43","51","34","17","24","14","11","0"
"2022-09-11","23","22","26","23","49","29","24","30","10","5","0"
"2022-09-12","12","14","14","9","14","13","13","3","8","2","0"
"2022-09-13","83","54","40","67","73","27","34","27","18","8","0"
"2022-09-14","21","43","21","53","52","47","27","20","14","2","0"
"2022-09-15","24","25","15","28","43","34","25","29","19","6","0"
"2022-09-16","22","38","23","27","30","23","9","17","9","2","0"
"2022-09-17","26","30","20","31","36","29","29","19","10","4","0"
"2022-09-18","24","29","15","18","22","17","10","12","2","1","0"
"2022-09-19","13","8","1","9","11","5","4","3","4","2","0"
"2022-09-20","14","9","8","16","9","7","6","3","2","2","0"
"2022-09-21","35","53","33","55","54","32","20","29","13","5","0"
"2022-09-22","21","38","26","49","50","37","22","26","11","3","0"
"2022-09-23","24","33","31","37","42","21","20","16","12","7","0"
"2022-09-24","6","11","9","11","12","5","9","4","10","2","0"
"2022-09-25","42","44","17","30","30","25","22","7","4","4","0"
"2022-09-26","8","17","12","8","15","5","4","2","3","0","0"
"2022-09-27","41","30","28","34","35","26","13","8","9","5","0"
"2022-09-28","20","40","31","40","37","21","19","17","14","7","0"
"2022-09-29","18","20","21","24","30","29","14","11","13","11","0"
"2022-09-30","24","33","21","30","28","18","13","8","12","5","0"
"2022-10-01","30","30","27","20","36","31","17","10","10","6","0"
"2022-10-02","43","22","27","25","28","8","13","8","5","6","0"
"2022-10-03","9","16","5","10","8","5","1","2","0","0","0"
"2022-10-04","75","79","25","37","35","34","14","15","22","5","0"
"2022-10-05","34","67","31","43","26","27","13","10","3","1","0"
"2022-10-06","43","59","27","33","42","28","16","17","4","0","0"
"2022-10-07","29","35","24","32","25","18","14","11","3","1","0"
"2022-10-08","36","41","21","22","37","17","8","10","4","1","0"
"2022-10-09","43","41","10","26","29","13","14","11","3","1","0"
"2022-10-10","6","16","6","11","14","2","4","0","1","0","0"
"2022-10-11","25","26","7","9","14","8","6","2","1","2","0"
"2022-10-12","70","80","32","49","60","27","27","26","21","15","0"
"2022-10-13","85","118","40","54","69","39","9","7","7","4","0"
"2022-10-14","28","56","24","43","51","38","12","13","5","4","0"
"2022-10-15","34","52","19","36","44","22","21","15","12","14","0"
"2022-10-16","38","84","22","37","50","33","14","12","8","25","0"
"2022-10-17","30","32","9","14","20","5","8","0","1","4","0"
"2022-10-18","55","74","38","44","51","42","25","14","15","18","0"
"2022-10-19","69","105","28","56","68","42","26","25","12","4","0"
"2022-10-20","37","84","32","32","52","33","14","13","21","7","0"
"2022-10-21","26","83","36","42","74","32","25","19","9","3","0"
"2022-10-22","40","94","47","39","66","34","19","13","9","5","0"
"2022-10-23","31","63","23","37","43","33","19","8","8","0","0"
"2022-10-24","14","33","5","11","20","11","2","2","0","0","0"
"2022-10-25","71","107","32","50","67","31","21","13","15","12","0"
"2022-10-26","95","133","50","65","90","58","32","24","11","9","0"
"2022-10-27","49","74","40","42","62","39","14","18","12","4","0"
"2022-10-28","43","83","38","46","68","40","29","26","19","13","0"
"2022-10-29","41","68","25","62","61","38","25","12","23","11","0"
"2022-10-30","59","56","21","32","62","32","20","11","10","4","0"
"2022-10-31","29","30","9","24","25","19","9","2","0","0","0"
"2022-11-01","125","124","41","64","91","63","28","28","24","15","0"
"2022-11-02","81","110","47","66","86","65","38","27","22","13","0"
"2022-11-03","60","105","45","76","92","52","28","24","12","3","0"
"2022-11-04","38","56","25","32","28","25","9","6","3","0","0"
"2022-11-05","56","114","49","71","100","61","34","34","16","12","0"
"2022-11-06","73","111","31","52","68","50","25","20","8","5","0"
"2022-11-07","10","22","30","35","26","32","10","0","1","1","0"
"2022-11-08","94","160","80","78","105","88","34","33","35","11","0"
"2022-11-09","89","166","49","84","112","78","43","34","18","7","0"
"2022-11-10","71","95","61","65","90","62","50","30","22","9","0"
"2022-11-11","67","110","55","73","96","58","28","26","25","9","0"
"2022-11-12","87","133","62","95","117","68","36","24","32","14","0"
"2022-11-13","93","78","53","47","63","45","34","15","12","4","0"
"2022-11-14","21","27","31","35","43","22","13","8","4","2","0"
"2022-11-15","101","123","63","87","100","69","51","40","32","18","0"
"2022-11-16","126","140","75","105","121","86","69","44","31","21","0"
"2022-11-17","71","108","43","103","102","79","48","37","29","19","0"
"2022-11-18","62","86","52","62","97","49","34","29","23","15","0"
"2022-11-19","64","98","67","76","92","71","47","44","45","40","0"
"2022-11-20","50","78","40","62","68","57","39","22","22","10","0"
"2022-11-21","24","32","23","35","56","33","7","4","7","2","0"
"2022-11-22","95","105","66","86","113","82","35","38","43","32","0"
"2022-11-23","86","91","84","121","134","94","60","59","89","59","0"
"2022-11-24","6","16","25","32","51","29","13","10","8","3","0"
"2022-11-25","113","74","73","83","94","70","58","42","28","10","0"
"2022-11-26","84","69","91","100","97","77","63","52","49","28","0"
"2022-11-27","54","59","36","61","64","54","30","22","14","7","0"
"2022-11-28","9","16","29","43","35","23","15","2","4","1","0"
"2022-11-29","93","101","59","81","108","58","53","47","43","24","0"
"2022-11-30","96","100","74","86","95","84","50","56","64","41","0"
"2022-12-01","49","68","49","74","81","48","47","37","33","16","0"
"2022-12-02","38","68","58","58","76","54","34","22","23","18","0"
"2022-12-03","55","77","41","57","70","43","34","37","17","9","0"
"2022-12-04","30","41","40","40","60","48","22","14","9","4","0"
"2022-12-05","30","28","13","39","33","21","13","3","2","1","0"
"2022-12-06","61","75","46","43","65","48","35","34","29","17","0"
"2022-12-07","73","87","56","58","77","63","31","40","28","13","0"
"2022-12-08","59","58","44","48","62","49","25","17","25","5","0"
"2022-12-09","23","51","39","38","56","34","21","24","12","5","0"
"2022-12-10","45","60","36","47","62","28","35","26","18","7","0"
"2022-12-11","34","57","17","26","51","31","20","10","10","4","0"
"2022-12-12","12","12","22","21","28","10","8","2","1","0","0"
"2022-12-13","51","124","66","48","78","62","37","31","26","18","0"
"2022-12-14","37","52","57","50","72","65","30","31","26","10","0"
"2022-12-15","37","66","43","54","51","48","17","17","9","10","0"
"2022-12-16","34","51","40","54","74","56","25","31","16","8","0"
"2022-12-17","35","53","42","48","75","40","23","27","15","9","0"
"2022-12-18","23","45","27","31","51","29","21","22","13","8","0"
"2022-12-19","6","22","10","17","28","14","6","1","0","0","0"
"2022-12-20","71","74","42","59","70","51","45","39","21","14","0"
"2022-12-21","36","67","49","59","58","61","30","28","17","4","0"
"2022-12-22","39","44","30","40","35","31","23","11","15","2","0"
"2022-12-23","44","35","32","49","46","36","36","13","18","6","0"
"2022-12-24","35","40","26","34","53","31","19","25","18","6","0"
"2022-12-25","25","30","17","28","19","28","13","9","6","4","0"
"2022-12-26","9","15","8","14","18","11","10","1","2","1","0"
"2022-12-27","73","52","46","61","66","46","43","23","17","13","0"
"2022-12-28","48","50","34","57","61","41","36","26","17","10","0"
"2022-12-29","34","40","29","40","50","23","32","24","9","4","0"
"2022-12-30","26","16","23","21","39","30","18","17","11","5","0"
"2022-12-31","14","12","16","21","18","17","6","13","4","2","0"
"2023-01-01","10","17","18","24","17","17","11","12","2","0","0"
"2023-01-02","6","6","23","9","25","13","9","0","0","0","0"
"2023-01-03","10","17","27","30","27","19","13","11","7","2","0"
"2023-01-04","8","16","26","14","15","21","10","1","0","0","0"
"2023-01-05","26","22","63","47","51","40","22","20","14","7","0"
"2023-01-06","38","43","64","63","77","39","48","31","23","8","0"
"2023-01-07","22","32","54","54","56","49","30","23","18","4","0"
"2023-01-08","17","15","48","19","31","24","22","15","9","3","0"
"2023-01-09","5","11","13","14","12","12","2","0","0","0","0"
"2023-01-10","16","13","19","14","18","19","7","2","1","0","0"
"2023-01-11","18","26","66","38","49","56","17","23","19","9","0"
"2023-01-12","14","17","45","31","33","43","20","16","21","9","0"
"2023-01-13","15","24","42","31","30","23","17","6","9","3","0"
"2023-01-14","25","15","38","30","25","28","15","13","14","4","0"
"2023-01-15","16","17","17","24","27","17","9","9","5","0","0"
"2023-01-16","3","4","6","7","11","5","0","0","2","0","0"
"2023-01-17","22","16","29","26","33","25","35","29","34","9","0"
"2023-01-18","20","8","20","20","28","21","22","20","7","6","0"
"2023-01-19","12","18","20","16","16","20","19","19","6","5","0"
"2023-01-20","6","15","14","20","12","8","9","12","7","4","0"
"2023-01-21","9","9","16","15","22","24","20","18","9","4","0"
"2023-01-22","5","7","9","9","8","11","13","8","4","3","0"
"2023-01-23","4","2","2","3","2","5","0","1","0","0","0"
"2023-01-24","24","14","16","14","16","11","14","20","9","1","0"
"2023-01-25","20","5","6","14","27","16","15","10","6","5","0"
"2023-01-26","7","6","13","12","16","14","12","6","7","1","0"
"2023-01-27","10","5","5","7","20","8","8","7","5","2","0"
"2023-01-28","5","8","14","11","13","14","9","6","4","2","0"
"2023-01-29","14","6","8","9","8","9","4","1","0","2","0"
"2023-01-30","6","4","1","3","4","2","1","0","0","1","0"
"2023-01-31","17","11","10","13","17","25","13","9","7","4","0"
"2023-02-01","10","7","13","14","13","19","5","6","4","2","0"
"2023-02-02","8","8","11","22","17","7","10","7","8","4","0"
"2023-02-03","11","4","8","7","9","8","3","6","4","1","0"
"2023-02-04","8","5","13","19","9","13","5","4","0","3","0"
"2023-02-05","9","3","3","7","4","8","2","5","4","5","0"
"2023-02-06","0","2","2","3","3","3","0","0","0","0","0"
"2023-02-07","16","8","6","13","12","4","12","9","3","3","0"
"2023-02-08","12","7","11","7","5","9","8","3","2","4","0"
"2023-02-09","2","4","6","7","10","3","0","1","1","1","0"
"2023-02-10","2","9","7","8","9","4","7","2","5","3","0"
"2023-02-11","3","15","15","7","9","8","7","2","1","0","0"
"2023-02-12","0","3","1","2","4","3","2","1","1","0","0"
"2023-02-13","0","5","1","2","2","3","2","0","2","1","0"
"2023-02-14","12","14","10","12","18","4","6","3","3","2","0"
"2023-02-15","5","16","9","9","14","15","8","1","6","3","0"
"2023-02-16","2","5","5","4","7","6","2","7","5","0","0"
"2023-02-17","8","5","4","11","12","6","7","2","6","4","0"
"2023-02-18","5","2","5","4","5","6","4","9","3","1","0"
"2023-02-19","12","5","4","6","7","10","5","6","3","1","0"
"2023-02-20","5","6","4","4","2","3","1","2","0","1","0"
"2023-02-21","4","7","11","4","16","9","11","10","8","3","0"
"2023-02-22","7","6","6","7","8","10","5","12","15","10","0"
"2023-02-23","7","5","5","5","6","10","7","9","8","6","0"
"2023-02-24","3","4","0","2","1","1","0","0","0","1","0"
"2023-02-25","15","2","14","10","7","10","10","5","12","7","0"
"2023-02-26","12","5","4","2","7","1","4","1","0","1","0"
"2023-02-27","0","2","1","1","6","4","2","1","6","2","0"
"2023-02-28","16","5","10","4","14","15","7","8","10","6","0"
"2023-03-01","9","3","3","6","5","5","4","4","8","6","0"
"2023-03-02","4","3","9","7","10","8","5","7","7","3","0"
"2023-03-03","0","3","4","7","4","12","6","4","2","0","0"
"2023-03-04","1","1","2","3","1","9","5","4","1","2","0"
"2023-03-05","6","3","1","2","6","4","5","1","4","1","0"
"2023-03-06","1","3","3","6","4","0","1","3","0","0","0"
"2023-03-07","14","4","9","5","7","6","6","3","4","1","0"
"2023-03-08","3","5","2","7","8","8","6","6","0","0","0"
"2023-03-09","8","2","4","3","2","4","2","4","3","0","0"
"2023-03-10","3","6","5","5","8","5","4","3","1","0","0"
"2023-03-11","1","2","3","8","9","5","5","3","1","0","0"
"2023-03-12","2","5","3","2","1","3","0","1","0","1","0"
"2023-03-13","0","3","1","2","1","0","0","0","0","0","0"
"2023-03-14","3","7","5","4","12","7","4","4","3","3","0"
"2023-03-15","1","6","7","7","5","8","3","14","9","3","0"
"2023-03-16","2","1","6","2","3","8","5","5","6","0","0"
"2023-03-17","4","2","6","2","2","8","0","4","4","1","0"
"2023-03-18","3","2","5","3","7","2","3","7","5","2","0"
"2023-03-19","1","6","1","4","2","3","1","4","1","1","0"
"2023-03-20","0","2","0","0","0","0","0","0","0","0","0"
"2023-03-21","1","7","8","6","5","9","6","6","4","1","0"
"2023-03-22","0","4","0","0","1","1","2","3","0","0","0"
"2023-03-23","3","9","7","2","6","7","6","3","7","0","0"
"2023-03-24","2","4","8","4","7","4","1","7","4","2","0"
"2023-03-25","2","6","11","6","11","7","5","5","4","0","0"
"2023-03-26","1","3","3","2","6","3","5","0","2","0","0"
"2023-03-27","0","0","1","1","1","0","0","0","0","0","0"
"2023-03-28","6","15","12","9","19","14","5","4","4","2","0"
"2023-03-29","2","7","4","10","15","14","2","3","4","1","0"
"2023-03-30","2","2","3","4","10","8","5","3","0","0","0"
"2023-03-31","5","7","6","5","17","9","11","9","2","9","0"
"2023-04-01","4","6","7","11","6","8","8","8","6","3","0"
"2023-04-02","6","0","3","6","5","5","5","8","7","6","0"
"2023-04-03","3","0","0","3","1","1","3","0","0","0","0"
"2023-04-04","3","2","10","10","13","9","8","13","8","0","0"
"2023-04-05","3","3","5","6","5","4","8","6","6","2","0"
"2023-04-06","4","3","4","8","8","8","13","6","6","1","0"
"2023-04-07","5","3","2","3","5","8","5","2","4","2","0"
"2023-04-08","5","2","4","6","7","8","9","7","3","2","0"
"2023-04-09","2","0","1","3","1","5","4","2","0","1","0"
"2023-04-10","0","0","0","5","4","2","0","0","1","1","0"
"2023-04-11","8","4","2","4","11","18","4","5","7","1","0"
"2023-04-12","5","5","1","8","9","6","6","6","4","0","0"
"2023-04-13","3","6","3","6","2","7","6","2","0","1","0"
"2023-04-14","5","5","6","1","3","6","4","4","1","1","0"
"2023-04-15","2","2","0","2","3","3","5","1","3","0","0"
"2023-04-16","4","1","1","4","2","4","6","4","4","1","0"
"2023-04-17","0","0","1","1","0","0","0","0","0","0","0"
"2023-04-18","2","15","3","3","8","9","3","3","4","3","0"
"2023-04-19","2","14","6","6","7","15","2","6","3","2","0"
"2023-04-20","4","3","3","7","3","4","2","1","2","0","0"
"2023-04-21","1","10","2","2","8","6","7","3","3","1","0"
"2023-04-22","2","5","0","3","5","5","2","4","2","0","0"
"2023-04-23","3","2","3","1","5","8","5","3","3","0","0"
"2023-04-24","2","2","0","2","1","1","1","0","0","0","0"
"2023-04-25","2","8","4","4","6","11","6","5","4","2","0"
"2023-04-26","3","4","3","2","3","4","3","2","2","0","0"
"2023-04-27","4","11","6","9","7","10","10","2","3","2","0"
"2023-04-28","3","10","9","9","9","9","2","4","1","1","0"
"2023-04-29","4","9","6","5","8","5","6","8","3","0","0"
"2023-04-30","2","4","5","2","2","1","1","1","0","0","0"
"2023-05-01","0","3","0","0","3","1","0","1","1","0","0"
"2023-05-02","5","13","10","11","12","17","12","7","6","4","0"
"2023-05-03","4","8","7","11","15","12","14","2","4","5","0"
"2023-05-04","4","5","3","5","6","3","2","1","1","3","0"
"2023-05-05","6","2","0","0","2","0","0","0","0","0","0"
"2023-05-06","1","2","1","3","3","2","1","1","1","0","0"
"2023-05-07","5","7","7","11","15","9","8","12","4","3","0"
"2023-05-08","1","6","3","5","8","2","2","3","0","1","0"
